connections,pipelining,duration,workers,HelloWorld,EventsCreate,EventsGet
1,1,2,1,11844,133,156
1,1,2,2,17828,274,287
1,1,2,3,16739,229,267
1,2,2,1,21183,192,206
1,2,2,2,22648,289,291
1,2,2,3,23262,335,340
1,3,2,1,27834,342,344
1,3,2,2,29838,338,400
1,3,2,3,25858,378,328
3,1,2,1,26461,351,342
3,1,2,2,23854,227,252
3,1,2,3,16452,287,302
3,2,2,1,27723,369,328
3,2,2,2,26842,286,339
3,2,2,3,22793,356,394
3,3,2,1,31782,412,414
3,3,2,2,26541,381,335
3,3,2,3,25725,331,367
5,1,2,1,25662,327,410
5,1,2,2,26393,348,348
5,1,2,3,13909,324,318
5,2,2,1,27479,368,294
5,2,2,2,22611,199,287
5,2,2,3,20541,284,280
5,3,2,1,28175,301,283
5,3,2,2,24930,299,308
5,3,2,3,20626,350,312